Date,Total Market,Mega Cap,Large Cap,Mid Cap,Small/Mid Cap,Small Cap,Micro Cap,Total Market Australian Hedged,Total Market AUD,Total Market Canadian Hedged,Total Market CAD
2001-07-31,-1.8106%,-0.9815%,-1.4742%,-3.7527%,,-3.6426%,-3.9076%,,,,
2001-08-31,-6.0615%,-6.8585%,-6.4599%,-4.5639%,,-3.8016%,-3.6213%,,,,
2001-09-28,-9.0055%,-7.3624%,-8.2315%,-12.2675%,,-13.4626%,-12.3235%,,,,
2001-10-31,2.6524%,1.7040%,2.0680%,3.8418%,,6.0667%,6.1883%,,,,
2001-11-30,7.7131%,7.5346%,7.6916%,8.4394%,,8.0410%,6.5418%,,,,
2001-12-31,1.8346%,0.5582%,1.0663%,3.4642%,,6.0596%,7.0765%,,,,
2002-01-31,-1.2548%,-1.4661%,-1.3029%,-0.5486%,,-1.2792%,0.8697%,,,,
2002-02-28,-2.0691%,-2.1248%,-2.0166%,-1.5218%,,-2.0261%,-4.4334%,,,,
2002-03-28,4.4076%,3.3696%,3.8675%,6.1129%,,7.1829%,8.3346%,,,,
2002-04-30,-4.9587%,-6.7242%,-5.8345%,-1.9518%,,-0.6768%,1.5241%,,,,
2002-05-31,-1.2096%,-0.7822%,-0.8503%,-1.1323%,,-3.1973%,-1.6382%,,,,
2002-06-28,-7.0023%,-7.2786%,-7.2717%,-7.2425%,,-6.2729%,-1.7570%,,,,
2002-07-31,-8.0333%,-6.6948%,-7.2475%,-9.5231%,,-11.6825%,-13.0808%,,,,
2002-08-30,0.6056%,0.6731%,0.6319%,0.4581%,,0.5815%,-0.2363%,,,,
2002-09-30,-10.0942%,-10.9647%,-10.6357%,-9.2291%,,-7.4250%,-6.5426%,,,,
2002-10-31,7.7192%,9.3906%,8.6434%,5.4893%,,3.3704%,1.8414%,,,,
2002-11-29,6.0392%,5.5508%,5.6580%,6.1290%,,8.0247%,8.0109%,,,,
2002-12-31,-5.5375%,-6.2036%,-5.8086%,-4.0721%,,-4.3541%,-2.9504%,,,,
2003-01-31,-2.5066%,-2.7017%,-2.5349%,-1.8119%,,-2.6285%,-0.6324%,,,,
2003-02-28,-1.6890%,-1.6127%,-1.5337%,-1.1953%,,-2.4827%,-2.3035%,,,,
2003-03-31,1.1681%,1.1413%,1.1311%,1.0906%,,1.3271%,1.5087%,,,,
2003-04-30,8.2536%,8.4128%,8.0703%,6.6062%,,9.2580%,8.5004%,,,,
2003-05-30,6.2078%,4.6524%,5.4033%,8.6465%,,10.0044%,11.2607%,,,,
2003-06-30,1.4565%,1.4542%,1.2494%,0.4021%,,1.9882%,5.5347%,,,,
2003-07-31,2.4302%,1.6353%,1.8552%,2.7916%,,4.7401%,8.0013%,,,,
2003-08-29,2.4162%,1.4772%,1.9441%,3.9080%,,4.7352%,3.9338%,,,,
2003-09-30,-1.1188%,-1.0810%,-1.1726%,-1.5446%,,-1.3776%,2.1584%,,,,
2003-10-31,6.0540%,5.2802%,5.6268%,7.0629%,,7.9998%,8.3177%,,,,
2003-11-28,1.4795%,0.6462%,1.0027%,2.4589%,,3.5717%,4.1752%,,,,
2003-12-31,4.4066%,5.2454%,4.8665%,3.3425%,,2.2899%,2.7588%,,,,
2004-01-30,2.3049%,1.8170%,1.9275%,2.3820%,,3.6426%,6.5306%,,,,
2004-02-27,1.4873%,1.2590%,1.4810%,2.3888%,,1.6343%,0.8063%,,,,
2004-03-31,-1.1031%,-1.9236%,-1.5005%,0.2092%,,0.8772%,-0.1327%,,,,
2004-04-30,-2.0529%,-1.0416%,-1.4836%,-3.2253%,,-4.6412%,-4.4681%,,,,
2004-05-28,1.3158%,0.9674%,1.2363%,2.3185%,,2.0957%,-0.7368%,,,,
2004-06-30,2.0044%,1.5139%,1.6973%,2.4572%,,3.6086%,2.4660%,,,,
2004-07-30,-3.8286%,-3.2684%,-3.3995%,-3.9247%,,-5.6677%,-6.6531%,,,,
2004-08-31,0.2820%,0.4396%,0.4133%,0.3068%,,-0.1816%,-1.3284%,,,,
2004-09-30,1.7411%,0.7043%,1.2462%,3.4559%,,4.0359%,4.6459%,,,,
2004-10-29,1.5864%,1.0876%,1.4406%,2.8540%,,2.4024%,1.4817%,,,,
2004-11-30,4.6950%,3.6106%,4.0590%,5.8109%,,7.4401%,9.0349%,,,,
2004-12-31,3.6141%,3.4043%,3.5265%,4.0144%,,3.8880%,4.8532%,,,,
2005-01-31,-2.6417%,-2.4879%,-2.4871%,-2.4785%,,-3.3023%,-3.6374%,,,,
2005-02-28,2.1287%,1.8697%,2.1398%,3.1999%,,2.3097%,0.6689%,,,,
2005-03-31,-1.7769%,-1.8559%,-1.6613%,-0.9077%,,-2.0135%,-4.2663%,,,,
2005-04-29,-2.3018%,-1.4781%,-1.8181%,-3.1644%,,-4.4815%,-5.4585%,,,,
2005-05-31,3.8491%,3.1267%,3.4442%,4.7263%,,6.0456%,4.6399%,,,,
2005-06-30,0.9166%,-0.2621%,0.3551%,2.8340%,,3.4897%,4.6247%,,,,
2005-07-29,4.2337%,3.5281%,3.8640%,5.1866%,,5.8815%,6.6470%,,,,
2005-08-31,-0.9638%,-0.8599%,-0.8572%,-0.8483%,,-1.4791%,-1.3801%,,,,
2005-09-30,0.7569%,0.6333%,0.7759%,1.3388%,,0.6274%,0.9218%,,,,
2005-10-31,-1.7660%,-1.0852%,-1.4865%,-3.0461%,,-3.0994%,-3.0275%,,,,
2005-11-30,3.9737%,3.5716%,3.8420%,4.9154%,,4.7812%,3.5557%,,,,
2005-12-30,0.0844%,-0.2987%,0.0288%,1.3356%,,0.3505%,0.3837%,,,,
2006-01-31,3.6311%,2.2209%,2.8393%,5.3182%,,7.2986%,8.4793%,,,,
2006-02-28,-0.0225%,0.1840%,0.0100%,-0.6703%,,-0.2628%,0.3655%,,,,
2006-03-31,1.9905%,1.2179%,1.5207%,2.7434%,,4.1653%,4.5992%,,,,
2006-04-28,1.0433%,1.2034%,1.1960%,1.1653%,,0.3834%,0.0719%,,,,
2006-05-31,-3.1086%,-2.5698%,-2.7560%,-3.5085%,,-4.6124%,-5.6202%,,,,
2006-06-30,0.1808%,0.2826%,0.2097%,-0.0594%,,0.1556%,-0.5392%,,,,
2006-07-31,-0.3136%,0.8472%,0.2980%,-2.0079%,,-3.2466%,-3.5633%,,,,
2006-08-31,2.3823%,2.4346%,2.3830%,2.1608%,,2.4678%,1.8723%,,,,
2006-09-29,2.2116%,2.6611%,2.4826%,1.7181%,,0.8913%,0.5325%,,,,
2006-10-31,3.6938%,3.2737%,3.4351%,4.1327%,,4.9505%,5.4458%,,,,
2006-11-30,2.2640%,1.6946%,2.0899%,3.8062%,,3.2751%,2.4182%,,,,
2006-12-29,1.1210%,1.5902%,1.2757%,-0.0914%,,0.0862%,1.8444%,,,,
2007-01-31,1.9751%,1.5113%,1.8749%,3.4910%,,2.7206%,1.1396%,,,,
2007-02-28,-1.6004%,-2.3317%,-1.9105%,-0.0745%,,0.1065%,-0.7539%,,,,
2007-03-30,1.1117%,1.1667%,1.1290%,0.9699%,,1.1328%,0.4020%,,,,
2007-04-30,3.8795%,4.2683%,4.1454%,3.6192%,,2.7547%,1.2558%,,,,
2007-05-31,3.6409%,3.3900%,3.5478%,4.2295%,,4.3967%,2.4837%,,,,
2007-06-29,-1.6398%,-1.6544%,-1.6872%,-1.8274%,,-1.5486%,-0.4768%,,,,
2007-07-31,-3.3585%,-2.7038%,-2.9376%,-3.9508%,,-5.4635%,-5.9845%,,,,
2007-08-31,1.4383%,1.8223%,1.5282%,0.2365%,,1.0551%,0.3771%,,,,
2007-09-28,3.6179%,4.0082%,3.8803%,3.3112%,,2.1375%,2.5660%,,,,
2007-10-31,2.0424%,1.9796%,1.9696%,1.9197%,,2.6255%,1.3682%,,,,
2007-11-30,-4.4704%,-3.8553%,-4.0198%,-4.7835%,,-6.6229%,-8.7771%,,,,
2007-12-31,-0.5630%,-0.7076%,-0.5546%,0.1628%,,-0.6870%,-0.0782%,,,,
2008-01-31,-6.1918%,-6.0330%,-6.1252%,-6.5740%,,-6.4214%,-7.4055%,,,,
2008-02-29,-2.7653%,-2.8794%,-2.7649%,-2.2000%,,-2.6708%,-3.3748%,,,,
2008-03-31,-0.6745%,-0.4106%,-0.6186%,-1.6193%,,-0.7986%,-2.2394%,,,,
2008-04-30,4.9369%,4.5669%,4.9457%,6.8160%,,5.3939%,1.7624%,,,,
2008-05-30,2.0798%,1.0185%,1.5692%,4.2400%,,5.2180%,3.3940%,,,,
2008-06-30,-8.1343%,-8.1257%,-8.1456%,-8.2528%,,-8.1290%,-7.8711%,,,,
2008-07-31,-0.7446%,-0.6109%,-1.0705%,-3.2838%,,0.8174%,2.7332%,,,,
2008-08-29,1.5468%,1.2756%,1.3167%,1.5211%,,2.9401%,1.8915%,,,,
2008-09-30,-9.1597%,-8.3314%,-9.0209%,-12.3691%,,-10.1383%,-8.4659%,,,,
2008-10-31,-17.6506%,-16.0879%,-17.0110%,-21.6783%,,-21.3096%,-20.0590%,,,,
2008-11-28,-7.9591%,-7.0089%,-7.3832%,-9.4056%,,-11.1279%,-12.3593%,,,,
2008-12-31,1.8401%,0.8668%,1.3100%,3.7513%,,5.2586%,3.2060%,,,,
2009-01-30,-8.2268%,-8.1947%,-8.1263%,-7.7787%,,-8.8359%,-8.4693%,,,,
2009-02-27,-10.1138%,-9.8107%,-9.8476%,-10.0381%,,-11.6230%,-11.6224%,,,,
2009-03-31,8.7866%,8.6615%,8.7383%,9.1482%,,9.0880%,8.9006%,,,,
2009-04-30,10.5848%,8.3166%,9.2305%,13.8268%,,18.4099%,15.2150%,,,,
2009-05-29,5.3315%,5.7173%,5.4666%,4.2674%,,4.1946%,8.0466%,,,,
2009-06-30,0.2892%,0.1457%,0.1628%,0.2345%,,0.4887%,4.2854%,,,,
2009-07-31,7.7142%,7.0893%,7.4009%,8.8792%,,9.4945%,8.2620%,,,,
2009-08-31,3.4366%,2.9674%,3.2308%,4.4604%,,4.6306%,3.4773%,,,,
2009-09-30,4.2273%,3.4027%,3.7952%,5.6023%,,6.4451%,6.1062%,,,,
2009-10-30,-2.5396%,-1.3051%,-1.8045%,-3.9770%,,-5.9967%,-7.7205%,,,,
2009-11-30,5.5851%,6.2099%,5.8929%,4.4874%,,4.3258%,1.4740%,,,,
2009-12-31,2.8749%,1.2393%,2.0093%,5.4599%,,7.5144%,7.2241%,,,,
2010-01-29,-3.3607%,-3.3347%,-3.3672%,-3.5084%,,-3.4139%,-2.7132%,,,,
2010-02-26,3.3732%,2.7004%,3.0765%,4.6944%,,5.0017%,3.9924%,,,,
2010-03-31,6.3414%,5.7355%,6.0352%,7.3049%,,7.9003%,7.5178%,,,,
2010-04-30,2.1273%,0.8934%,1.4589%,3.8084%,,5.1970%,7.4367%,,,,
2010-05-28,-7.9537%,-8.1882%,-8.0002%,-7.2392%,,-7.6925%,-7.9895%,,,,
2010-06-30,-5.5183%,-4.9657%,-5.1632%,-5.9630%,,-7.1630%,-7.7155%,,,,
2010-07-30,7.1617%,7.1341%,7.1862%,7.4008%,,7.3312%,5.0865%,,,,
2010-08-31,-4.7093%,-4.4332%,-4.3996%,-4.2642%,,-6.0200%,-7.8873%,,,,
2010-09-30,9.4960%,8.7337%,9.0827%,10.5339%,,11.6805%,11.0807%,,,,
2010-10-29,3.9628%,3.9812%,3.9429%,3.7849%,,3.8525%,5.5289%,,,,
2010-11-30,0.6718%,-0.2374%,0.2098%,2.0550%,,2.9710%,3.3263%,,,,
2010-12-31,6.7532%,6.4855%,6.5416%,6.7683%,,7.6922%,8.5842%,,,,
2011-01-31,2.1071%,2.3503%,2.2980%,2.0845%,,1.4337%,-0.7641%,,,,
2011-02-28,3.5738%,3.1294%,3.2611%,3.7938%,,5.2232%,4.7471%,,,,
2011-03-31,0.3893%,-0.3971%,-0.0120%,1.5468%,,2.5527%,1.3769%,,,,
2011-04-29,2.9163%,2.9171%,2.9490%,3.0951%,,2.9456%,1.0466%,,,,
2011-05-31,-1.1839%,-1.2512%,-1.1268%,-0.5532%,,-1.4103%,-2.4169%,,,,
2011-06-30,-1.7789%,-1.6511%,-1.7086%,-1.9730%,,-2.1667%,-2.5887%,,,,
2011-07-29,-2.2237%,-1.6820%,-2.0167%,-3.5702%,,-3.6358%,-2.5676%,,,,
2011-08-31,-5.9926%,-5.3524%,-5.6303%,-6.9435%,,-7.9922%,-10.3464%,,,,
2011-09-30,-7.7636%,-6.9027%,-7.2696%,-9.0350%,,-10.9651%,-10.8749%,,,,
2011-10-31,11.4432%,10.6979%,11.0024%,12.5089%,,14.6715%,12.4343%,,,,
2011-11-30,-0.3529%,-0.2312%,-0.3347%,-0.8407%,,-0.4106%,-0.9220%,,,,
2011-12-30,0.8572%,1.1866%,0.9388%,-0.2716%,,0.1720%,1.4394%,,,,
2012-01-31,5.0276%,4.3872%,4.7228%,6.4043%,,6.8238%,8.5025%,,,,
2012-02-29,4.2685%,4.3879%,4.3912%,4.4092%,,3.7113%,1.6382%,,,,
2012-03-30,3.0573%,3.3438%,3.1524%,2.2129%,,2.2402%,3.9114%,,,,
2012-04-30,-0.7074%,-0.6911%,-0.6762%,-0.6021%,,-0.8177%,-1.6066%,,,,
2012-05-31,-6.1889%,-5.9696%,-6.1238%,-6.8856%,,-6.6484%,-6.4062%,,,,
2012-06-29,3.9686%,4.1613%,3.9445%,2.8554%,,3.8154%,6.1385%,,,,
2012-07-31,0.9967%,1.5379%,1.2542%,-0.1855%,,-0.6657%,-0.8711%,,,,
2012-08-31,2.4667%,2.2099%,2.3284%,2.9416%,,3.5229%,2.4964%,,,,
2012-09-28,2.5828%,2.6154%,2.5388%,2.1432%,,2.6430%,4.6689%,,,,
2012-10-31,-1.7919%,-1.9725%,-1.8446%,-1.1743%,,-1.2651%,-2.7503%,,,,
2012-11-30,0.7638%,0.5118%,0.6638%,1.4554%,,1.6047%,0.0300%,,,,
2012-12-31,1.2199%,0.6633%,0.9748%,2.5839%,,2.8674%,2.4183%,,,,
2013-01-31,5.5132%,5.0443%,5.3214%,6.6999%,,6.8009%,5.9469%,,,5.8468%,
2013-02-28,1.3064%,1.2867%,1.2997%,1.3634%,,1.4141%,0.6726%,,,1.4119%,
2013-03-28,3.9255%,3.6685%,3.7916%,4.3908%,,4.6827%,5.5276%,,,3.9497%,
2013-04-30,1.6955%,1.9871%,1.9438%,1.7333%,,0.1652%,0.3087%,,,1.7373%,
2013-05-31,2.3687%,2.2170%,2.1499%,1.8283%,,3.6228%,4.7330%,,,2.5392%,5.3459%
2013-06-28,-1.2457%,-1.3545%,-1.3211%,-1.1501%,,-0.9800%,1.0556%,,,-1.2356%,0.1783%
2013-07-31,5.4813%,5.1821%,5.2619%,5.6507%,,6.6783%,8.0087%,,,5.4399%,3.0140%
2013-08-30,-2.8158%,-2.8119%,-2.7565%,-2.4882%,,-3.1775%,-3.0910%,,,-2.8069%,-0.3367%
2013-09-30,3.6883%,3.0708%,3.3258%,4.5480%,,5.7058%,7.1030%,,,3.6889%,1.3996%
2013-10-31,4.2436%,4.6519%,4.4316%,3.3861%,,3.2803%,1.9951%,,,4.3775%,5.5188%
2013-11-29,2.8824%,3.0226%,2.8500%,2.0229%,,2.7121%,6.2886%,,,3.0023%,4.8460%
2013-12-31,2.6512%,2.5982%,2.6644%,2.9849%,,2.5992%,2.3370%,,,2.7380%,2.6223%
2014-01-31,-3.0823%,-3.5014%,-3.2966%,-2.3040%,,-2.0400%,0.0838%,,,-3.1222%,1.6165%
2014-02-28,4.7355%,4.4031%,4.6822%,6.0258%,,5.0675%,4.8394%,,,4.7699%,4.1290%
2014-03-31,0.5207%,0.8809%,0.6802%,-0.2779%,-0.2885%,-0.2985%,-1.2840%,,,0.5894%,0.3573%
2014-04-30,0.0681%,0.8298%,0.5468%,-0.8275%,-1.5261%,-2.3127%,-6.3006%,,,0.1297%,-0.7873%
2014-05-30,2.1855%,2.3902%,2.3768%,2.3095%,1.7819%,1.1831%,-0.3228%,,,2.2340%,1.0900%
2014-06-30,2.5542%,1.9744%,2.1502%,3.0197%,3.9371%,4.9842%,5.2805%,,,2.5801%,0.9227%
2014-07-31,-1.9620%,-1.2031%,-1.4251%,-2.5066%,-3.6520%,-4.9252%,-6.5893%,,,-1.9160%,0.1787%
2014-08-29,4.1776%,3.9086%,4.0487%,4.7385%,4.8559%,4.9897%,4.7037%,,,4.2461%,3.8862%
2014-09-30,-2.1123%,-1.2532%,-1.5831%,-3.1951%,-4.1789%,-5.2984%,-5.2436%,,,-2.0926%,0.8272%
2014-10-31,2.7461%,2.2283%,2.4308%,3.4392%,3.9250%,4.4870%,6.5243%,,,2.8446%,3.3975%
2014-11-28,2.4224%,2.6515%,2.6817%,2.8296%,1.9703%,0.9844%,-0.2705%,,,2.5288%,3.9173%
2014-12-31,0.0026%,-0.3782%,-0.2691%,0.2665%,0.7223%,1.2499%,5.1920%,,,0.0485%,1.6029%
2015-01-30,-2.7657%,-3.0219%,-2.8408%,-1.9602%,-2.0497%,-2.1500%,-3.6103%,,,-3.0364%,6.3485%
2015-02-27,5.7714%,5.7031%,5.7584%,6.0243%,5.9368%,5.8358%,5.9576%,,,5.7627%,4.0566%
2015-03-31,-1.0109%,-1.7698%,-1.4050%,0.3569%,0.7426%,1.1884%,2.5785%,,,-0.9834%,0.2917%
2015-04-30,0.4254%,1.0697%,0.8147%,-0.4063%,-1.0148%,-1.6935%,-2.8122%,,,0.4676%,-4.3360%
2015-05-29,1.3911%,1.3209%,1.2758%,1.0556%,1.5083%,2.0182%,2.5103%,,,1.4063%,4.5088%
2015-06-30,-1.7078%,-1.9216%,-1.9032%,-1.8100%,-1.3667%,-0.8740%,1.9702%,,,-1.6590%,-1.2810%
2015-07-31,1.6386%,2.1635%,2.0090%,1.2573%,0.5223%,-0.2881%,-2.0938%,1.9147%,7.2840%,1.7290%,6.4275%
2015-08-31,-5.9898%,-6.2002%,-6.0169%,-5.1152%,-5.4542%,-5.8341%,-5.8085%,-5.9921%,-3.4403%,-6.1044%,-5.4328%
2015-09-30,-2.9379%,-2.4388%,-2.6497%,-3.6616%,-4.0536%,-4.4960%,-5.6351%,-2.8243%,-1.5896%,-2.9631%,-1.5435%
2015-10-30,7.8619%,8.7056%,8.2428%,5.9835%,5.8461%,5.6888%,4.6976%,7.8729%,6.1679%,7.6416%,5.6877%
2015-11-30,0.5466%,0.2999%,0.2960%,0.2806%,0.9997%,1.8249%,4.2971%,0.6890%,-1.0491%,0.5789%,2.6881%
2015-12-31,-2.0308%,-1.4626%,-1.6599%,-2.6542%,-3.3788%,-4.1933%,-4.8887%,-1.8515%,-2.4280%,-2.1189%,1.5089%
2016-01-29,-5.6598%,-4.8564%,-5.2828%,-7.4551%,-7.5465%,-7.6494%,-10.8507%,-5.7011%,-2.9657%,-5.7539%,-4.4871%
2016-02-29,-0.0273%,-0.4021%,-0.1399%,1.2287%,1.0807%,0.9093%,-1.1213%,0.0855%,-0.9931%,-0.1245%,-3.4456%
2016-03-31,7.0312%,6.6192%,6.8418%,7.9799%,8.1696%,8.3882%,6.8579%,6.7483%,-0.6213%,6.7465%,2.7397%
2016-04-29,0.6434%,0.4261%,0.4456%,0.5435%,1.0958%,1.7256%,3.1234%,0.7856%,1.4478%,0.6202%,-2.7702%
2016-05-31,1.7839%,1.7589%,1.7734%,1.8531%,1.8906%,1.9259%,1.0977%,1.9826%,7.2213%,1.8456%,6.3795%
2016-06-30,0.2411%,0.3091%,0.2468%,-0.0681%,0.0932%,0.2703%,-0.3247%,0.3339%,-2.4716%,0.2444%,-1.2419%
2016-07-29,3.9634%,3.6033%,3.7741%,4.6442%,4.8470%,5.0706%,5.4094%,3.9654%,1.8500%,3.9742%,5.0658%
2016-08-31,0.2629%,0.1781%,0.1751%,0.1582%,0.3763%,0.6175%,2.2747%,0.3857%,1.3968%,0.2518%,0.7044%
2016-09-30,0.1675%,0.0183%,0.0793%,0.3829%,0.3939%,0.4073%,3.1276%,0.2483%,-1.6257%,0.1501%,0.2095%
2016-10-31,-2.2128%,-1.6157%,-1.8603%,-3.0776%,-3.5658%,-4.1074%,-5.7895%,-2.1504%,-1.6601%,-2.2724%,-0.0251%
2016-11-30,4.4423%,3.5048%,3.7014%,4.6943%,6.5387%,8.6076%,11.6041%,4.6672%,7.5663%,4.4367%,4.5981%
2016-12-30,1.9361%,2.1616%,1.9098%,0.6564%,1.2399%,1.8691%,3.8307%,2.0311%,4.0126%,1.8951%,1.8868%
2017-01-31,1.9192%,1.8439%,2.0318%,2.9928%,2.3037%,1.5809%,-1.1121%,1.9147%,-2.7864%,1.8240%,-1.2235%
2017-02-28,3.7167%,4.1370%,3.9654%,3.0991%,2.7437%,2.3651%,1.6848%,3.7308%,2.4082%,3.7560%,5.8648%
2017-03-31,0.0813%,0.1246%,0.1072%,0.0188%,-0.1011%,-0.2311%,1.2732%,0.1519%,0.8685%,0.0486%,0.2056%
2017-04-28,1.0580%,1.0680%,1.0871%,1.1844%,1.0223%,0.8465%,1.2345%,1.1169%,3.0850%,1.0292%,3.7330%
2017-05-31,1.0208%,1.5131%,1.4154%,0.9205%,-0.0646%,-1.1345%,-2.5478%,1.0818%,1.4821%,0.9712%,-0.0301%
2017-06-30,0.9267%,0.6559%,0.6565%,0.6596%,1.4133%,2.2392%,4.9288%,0.9540%,-2.0470%,0.8429%,-3.1116%
2017-07-31,1.8719%,2.0793%,2.0208%,1.7228%,1.4269%,1.1111%,0.2487%,1.8388%,-2.1221%,1.7344%,-2.0598%
2017-08-31,0.1627%,0.5162%,0.3396%,-0.5630%,-0.7425%,-0.9371%,-0.3343%,0.2031%,0.8195%,0.1121%,0.3234%
2017-09-29,2.4602%,2.0217%,2.0611%,2.2588%,3.2931%,4.4090%,7.8555%,2.5327%,3.5702%,2.4187%,2.3782%
2017-10-31,2.1648%,2.4786%,2.3085%,1.4411%,1.4935%,1.5478%,-0.2394%,2.2648%,4.5498%,2.2098%,5.6323%
2017-11-30,3.0462%,3.0291%,3.0523%,3.1705%,3.1311%,3.0916%,2.3949%,3.1113%,4.0778%,3.0196%,3.0502%
2017-12-29,1.0111%,1.1639%,1.1306%,0.9476%,0.6797%,0.3965%,-0.2850%,0.9681%,-1.9592%,0.9136%,-1.5843%
2018-01-31,5.3262%,6.0354%,5.7599%,4.3626%,3.6334%,2.8443%,2.4229%,5.1470%,1.7362%,5.1690%,3.0638%
2018-02-28,-3.7221%,-3.6032%,-3.6772%,-4.0567%,-4.0591%,-4.0621%,-3.4433%,-3.8516%,0.0462%,-3.8999%,0.4421%
2018-03-29,-1.9774%,-2.9639%,-2.4955%,-0.1022%,0.4813%,1.1293%,1.3717%,-2.0332%,-0.4183%,-2.0631%,-1.5840%
2018-04-30,0.3814%,0.4804%,0.3730%,-0.1505%,0.0780%,0.3356%,1.1708%,0.4086%,2.0038%,0.3160%,0.0386%
2018-05-31,2.8093%,2.4964%,2.3755%,1.7829%,3.3300%,5.0717%,7.5775%,2.7998%,2.5647%,2.7733%,3.8222%
2018-06-29,0.6875%,0.6068%,0.6609%,0.9306%,0.8378%,0.7350%,1.5971%,0.6723%,3.1132%,0.5851%,2.0892%
2018-07-31,3.3431%,3.8587%,3.6348%,2.5704%,2.2258%,1.8310%,0.3645%,3.3080%,2.7106%,3.2486%,2.2583%
2018-08-31,3.4474%,3.4151%,3.2600%,2.5140%,3.4300%,4.4873%,5.0127%,3.5529%,6.3368%,3.3958%,3.7774%
2018-09-28,0.1655%,0.6959%,0.4948%,-0.4741%,-0.9727%,-1.5352%,-3.3496%,0.1686%,0.1171%,0.1094%,-0.8592%
2018-10-31,-7.3937%,-6.6204%,-6.9243%,-8.3925%,-9.1699%,-10.0854%,-11.3263%,-7.5646%,-5.4598%,-7.5614%,-5.6156%
2018-11-30,2.0689%,2.0347%,2.0984%,2.4028%,2.2976%,2.1710%,-0.3015%,1.9534%,-0.9363%,2.0534%,3.0148%
2018-12-31,-9.2899%,-8.8118%,-8.9919%,-9.8783%,-10.4304%,-11.0948%,-11.7682%,-9.6650%,-5.9075%,-9.6190%,-6.7945%
2019-01-31,8.6268%,7.6594%,8.1474%,10.5736%,11.1543%,11.8552%,10.3962%,8.2303%,4.8800%,8.1868%,4.5489%
2019-02-28,3.5036%,3.0769%,3.2759%,4.2375%,4.5073%,4.8314%,5.6024%,3.5961%,6.0786%,3.4533%,3.6611%
2019-03-29,1.4476%,1.9675%,1.8566%,1.3291%,0.3169%,-0.8920%,-2.3912%,1.3951%,1.6047%,1.3852%,3.0202%
2019-04-30,3.9796%,4.1278%,4.0638%,3.7555%,3.6869%,3.6031%,2.2020%,3.9671%,4.9398%,3.9403%,4.2403%
2019-05-31,-6.4386%,-6.3845%,-6.3259%,-6.0423%,-6.5826%,-7.2472%,-6.4381%,-6.6226%,-4.9531%,-6.5518%,-5.6075%
2019-06-28,6.9856%,6.9682%,6.9842%,7.0661%,7.0620%,7.0416%,6.3397%,6.8108%,5.6288%,6.7170%,3.6572%
2019-07-31,1.4518%,1.5489%,1.5101%,1.3243%,1.2959%,1.2574%,-0.2822%,1.3849%,3.2917%,1.3911%,2.2459%
2019-08-30,-2.0190%,-1.4774%,-1.6823%,-2.7023%,-3.3005%,-4.0057%,-5.1827%,-2.1985%,0.2351%,-2.1147%,-1.1578%
2019-09-30,1.7159%,1.7207%,1.7777%,2.0629%,1.7415%,1.3713%,1.0098%,1.6207%,1.6104%,1.6595%,1.2155%
2019-10-31,2.1097%,2.4019%,2.1874%,1.0970%,1.3283%,1.5995%,1.7437%,1.9471%,-0.0394%,2.0423%,1.5124%
2019-11-29,3.7756%,3.7960%,3.7023%,3.2199%,3.6433%,4.1381%,5.1350%,3.7608%,5.7011%,3.8077%,4.6581%
2019-12-31,2.8659%,3.0175%,2.9203%,2.4183%,2.3111%,2.1882%,5.2542%,2.6926%,-1.0193%,2.7715%,0.5620%
2020-01-31,-0.0677%,0.3523%,0.2576%,-0.2349%,-1.0650%,-2.0269%,-2.9914%,-0.1098%,4.9331%,-0.0667%,1.8447%
2020-02-28,-8.1693%,-7.9964%,-8.1175%,-8.7515%,-8.7134%,-8.6686%,-7.2279%,-8.6151%,-4.6513%,-8.3144%,-6.8613%
2020-03-31,-13.7820%,-11.4027%,-12.5219%,-18.4279%,-20.0013%,-21.8550%,-23.4653%,-14.7631%,-9.1757%,-14.7023%,-9.6036%
2020-04-30,13.2624%,12.8281%,13.0660%,14.3989%,14.5022%,14.6465%,15.3403%,12.5296%,5.8840%,12.9669%,12.0270%
2020-05-29,5.3860%,4.7030%,5.0715%,7.1344%,7.4105%,7.7516%,6.9604%,5.3149%,3.9413%,5.3557%,4.2428%
2020-06-30,2.2878%,2.2479%,2.2011%,1.9674%,2.2179%,2.5291%,5.8363%,2.1965%,-1.3818%,2.2513%,0.8577%
2020-07-31,5.6446%,5.7403%,5.8576%,6.4621%,5.5890%,4.5024%,1.8485%,5.3246%,1.4240%,5.5082%,4.2322%
2020-08-31,7.1833%,8.4880%,7.6162%,3.1502%,3.5470%,4.0519%,5.4733%,6.9209%,3.9369%,6.9307%,4.3498%
2020-09-30,-3.5613%,-4.0398%,-3.6752%,-1.6988%,-2.1523%,-2.7200%,-2.7061%,-3.6705%,-0.4936%,-3.6692%,-1.5684%
2020-10-30,-2.1477%,-3.2730%,-2.7414%,-0.0909%,0.8356%,2.0044%,0.6749%,-2.1678%,-0.1273%,-2.1708%,-2.1071%
2020-11-30,12.2076%,11.1547%,11.5515%,13.4570%,14.5932%,16.0144%,20.2441%,11.6716%,6.9387%,11.8601%,9.3518%
2020-12-31,4.4613%,3.9247%,3.9559%,4.1267%,5.5973%,7.4048%,9.1215%,4.2641%,-0.2497%,4.3448%,2.3678%
2021-01-29,-0.3199%,-0.9411%,-0.8659%,-0.5264%,0.6958%,2.1882%,9.4242%,-0.3502%,0.2518%,-0.3435%,0.1255%
2021-02-26,3.1845%,2.0888%,2.6589%,5.2539%,5.6618%,6.1449%,6.9415%,3.1551%,2.2582%,3.1415%,2.6679%
2021-03-31,3.4741%,4.1571%,3.8262%,2.3658%,2.0195%,1.6075%,0.4278%,3.4662%,5.1791%,3.4313%,2.1620%
2021-04-30,5.1406%,5.5189%,5.3923%,4.8244%,4.4677%,4.0411%,0.9466%,5.0425%,3.6706%,4.9927%,2.8233%
2021-05-28,0.4285%,0.4100%,0.4839%,0.8171%,0.4746%,0.0594%,0.4247%,0.4124%,0.6239%,0.4107%,-1.3157%
2021-06-30,2.5531%,2.9216%,2.7187%,1.8085%,1.6425%,1.4330%,2.5008%,2.5953%,5.3124%,2.6068%,5.2146%
2021-07-30,1.7122%,2.5122%,2.2898%,1.2859%,0.0753%,-1.4430%,-4.6658%,1.7319%,3.8847%,1.7149%,2.3550%
2021-08-31,2.8699%,2.9783%,2.9858%,3.0191%,2.5616%,1.9753%,3.3677%,2.8627%,3.4611%,2.8779%,4.0085%
2021-09-30,-4.4834%,-4.8199%,-4.7015%,-4.1547%,-3.6988%,-3.1111%,-2.9791%,-4.5552%,-3.3595%,-4.5064%,-4.1238%
2021-10-29,6.7224%,7.1528%,7.0556%,6.6103%,5.8633%,4.9091%,2.5482%,6.4744%,2.6374%,6.5795%,4.2669%
2021-11-30,-1.4832%,-0.7058%,-1.0282%,-2.5123%,-3.3064%,-4.3360%,-4.9609%,-1.6012%,4.3593%,-1.5631%,1.6695%
2021-12-31,3.8202%,3.9326%,3.9271%,3.8930%,3.7233%,3.4999%,0.0560%,3.7377%,1.2498%,3.7326%,2.7875%
2022-01-31,-6.0291%,-5.2451%,-5.7105%,-7.8581%,-7.8763%,-7.9011%,-10.3372%,-6.2326%,-3.0280%,-6.0723%,-5.5797%
2022-02-28,-2.5431%,-3.4629%,-3.0318%,-0.9890%,-0.1969%,0.8588%,0.4877%,-2.5651%,-5.3769%,-2.5614%,-2.8426%
2022-03-31,3.2537%,3.7105%,3.5310%,2.6925%,2.1675%,1.4785%,0.9414%,3.0843%,-0.2250%,3.1654%,1.8205%
2022-04-29,-9.0173%,-9.3075%,-9.0852%,-8.0433%,-8.1250%,-8.2346%,-11.2523%,-9.6615%,-3.8579%,-9.2650%,-6.5175%
2022-05-31,-0.2601%,-0.2781%,-0.2847%,-0.3146%,-0.1918%,-0.0274%,-0.6780%,-0.2852%,-1.1916%,-0.2445%,-1.8214%
2022-06-30,-8.3681%,-7.9775%,-8.2296%,-9.4029%,-9.4009%,-9.3968%,-8.4426%,-8.8003%,-4.4105%,-8.5352%,-6.7689%
2022-07-29,9.3978%,9.1498%,9.2300%,9.6081%,10.0191%,10.5686%,10.3524%,9.2515%,7.8065%,9.3321%,8.8172%
2022-08-31,-3.7284%,-4.1272%,-3.9241%,-2.9694%,-2.8184%,-2.6169%,-0.5535%,-3.8237%,-2.0081%,-3.7947%,-1.2866%
2022-09-30,-9.2687%,-9.0881%,-9.2265%,-9.8676%,-9.7392%,-9.5677%,-9.4336%,-9.9966%,-3.2571%,-9.7550%,-4.5901%
2022-10-31,8.1658%,7.7853%,7.9125%,8.5132%,9.1121%,9.9056%,9.6393%,8.1606%,8.7578%,8.1129%,6.6626%
2022-11-30,5.2320%,5.2613%,5.4174%,6.1536%,5.4096%,4.4329%,0.4724%,4.9493%,0.4787%,5.1587%,3.8735%
2022-12-30,-5.8662%,-5.9790%,-5.8681%,-5.3513%,-5.6062%,-5.9459%,-5.1202%,-5.9686%,-7.0391%,-5.9419%,-5.2656%
2023-01-31,6.8994%,6.0842%,6.4174%,7.9531%,8.8842%,10.1383%,10.1539%,6.5076%,2.8792%,6.7664%,5.0334%
2023-02-28,-2.3331%,-2.2512%,-2.3330%,-2.7029%,-2.5278%,-2.2962%,-2.6458%,-2.5015%,2.0553%,-2.3904%,0.1352%
2023-03-31,2.6336%,4.7137%,3.6624%,-1.1131%,-2.1966%,-3.6278%,-7.8041%,2.5335%,3.3385%,2.5683%,1.6315%
2023-04-28,1.0507%,1.8329%,1.3890%,-0.7574%,-0.9355%,-1.1764%,-2.7895%,0.9778%,2.4116%,0.9995%,1.2876%
2023-05-31,0.4153%,1.3857%,0.7081%,-2.6501%,-2.3710%,-1.9921%,0.7097%,0.3082%,2.5411%,0.3328%,0.5849%
2023-06-30,6.8424%,6.2660%,6.6183%,8.4261%,8.5447%,8.7078%,6.8534%,6.5686%,3.8730%,6.5665%,4.2448%
2023-07-31,3.5740%,3.3466%,3.3780%,3.5363%,4.1385%,4.9440%,5.2942%,3.4172%,2.3136%,3.4866%,3.0834%
2023-08-31,-1.9404%,-1.2726%,-1.6601%,-3.5890%,-3.6414%,-3.7104%,-5.8567%,-2.0841%,2.0264%,-2.0401%,0.4537%
2023-09-29,-4.7860%,-4.6111%,-4.6534%,-4.8865%,-5.2072%,-5.6313%,-6.9389%,-4.9151%,-4.4540%,-4.8442%,-4.3050%
,,,,,,,,,,,
,,,,,,,,,,,